{"p_value":[1.0,0.7115974334415447,0.4509916024424553,1.0,1.0,1.0,1.0,1.0,1.0,1.0,1.0,0.6738521602259286,1.0,0.37433227804221225,1.0,1.0,1.0,1.0,1.0,1.0,1.0,1.0,1.0,1.0,1.0,1.0,2.2973771382162056E-5,1.0,1.0,1.0,1.0,1.0,1.0,1.0,1.0,1.0,1.0,1.0,1.0,1.0,0.7115974334415447,0.04964369156131798,0.18270986884942964,0.17240125086624714,1.0,1.0,0.4658317257084863,0.1300662424145005,1.0,1.0,1.0,1.0,0.7115974334415447,0.6395236797292321,0.7204192411338992,1.0,0.19491034926219442,0.7138384244866892,1.0,0.011906168633223913,1.0,1.0,1.0,0.7115974334415447,1.0,1.0,0.7204192411338992,0.00784166017650445,1.0,1.0],"adj_p_value":[1.0,1.0,1.0,1.0,1.0,1.0,1.0,1.0,1.0,1.0,1.0,1.0,1.0,1.0,1.0,1.0,1.0,1.0,1.0,1.0,1.0,1.0,1.0,1.0,1.0,1.0,0.001608163996751344,1.0,1.0,1.0,1.0,1.0,1.0,1.0,1.0,1.0,1.0,1.0,1.0,1.0,1.0,0.8687646023230646,1.0,1.0,1.0,1.0,1.0,1.0,1.0,1.0,1.0,1.0,1.0,1.0,1.0,1.0,1.0,1.0,1.0,0.2778106014418913,1.0,1.0,1.0,1.0,1.0,1.0,1.0,0.27445810617765576,1.0,1.0],"OR":[0.5515789473684211,0.49714285714285716,1.5535714285714286,0.8457142857142858,0.0,0.6188235294117647,0.9659090909090909,0.5833333333333334,0.9659090909090909,0.5515789473684211,0.7557142857142857,1.262905162064826,0.0,1.664050235478807,0.0,0.9228039041703638,0.65875,0.0,0.0,0.65875,0.0,0.0,0.0,0.0,0.0,0.0,11.03875968992248,0.0,0.0,0.0,0.704,0.0,0.0,0.0,0.0,0.0,0.0,0.0,0.0,0.0,0.49714285714285716,3.469721767594108,0.5826810176125244,2.361607142857143,1.0145772594752187,0.0,1.4801136363636365,2.765625,0.0,0.0,0.0,0.0,0.49714285714285716,1.5422740524781342,0.3976923076923077,0.8116169544740973,2.2,0.4325,0.5833333333333334,3.440340909090909,0.0,0.7234342012667135,0.7557142857142857,0.49714285714285716,0.0,1.0145772594752187,0.3976923076923077,3.4219269102990033,0.0,0.0],"pathways":["mmu04114","mmu05203","mmu04510","mmu05169","mmu04310","mmu05168","mmu05200","mmu04910","mmu01200","mmu05205","mmu04150","mmu05161","mmu00190","mmu04390","mmu04071","mmu05166","mmu04152","mmu05164","mmu04151","mmu04919","mmu04912","mmu04713","mmu04915","mmu05016","mmu04921","mmu04722","mmu05414","mmu04721","mmu04720","mmu05012","mmu04120","mmu05132","mmu05010","mmu04727","mmu04726","mmu04725","mmu04922","mmu04724","mmu04728","mmu04015","mmu04014","mmu04530","mmu01100","mmu03320","mmu04210","mmu04932","mmu04810","mmu05100","mmu04010","mmu03040","mmu04933","mmu03013","mmu00020","mmu01230","mmu04024","mmu04145","mmu04540","mmu04144","mmu04621","mmu04260","mmu04062","mmu04022","mmu04066","mmu05034","mmu03010","mmu04020","mmu04141","mmu04261","mmu05031","mmu05152"],"descriptions":["Oocyte meiosis","Viral carcinogenesis","Focal adhesion","Epstein-Barr virus infection","Wnt signaling pathway","Herpes simplex infection","Pathways in cancer","Insulin signaling pathway","Carbon metabolism","Proteoglycans in cancer","mTOR signaling pathway","Hepatitis B","Oxidative phosphorylation","Hippo signaling pathway","Sphingolipid signaling pathway","HTLV-I infection","AMPK signaling pathway","Influenza A","PI3K-Akt signaling pathway","Thyroid hormone signaling pathway","GnRH signaling pathway","Circadian entrainment","Estrogen signaling pathway","Huntington\u0027s disease","Oxytocin signaling pathway","Neurotrophin signaling pathway","Dilated cardiomyopathy","Synaptic vesicle cycle","Long-term potentiation","Parkinson\u0027s disease","Ubiquitin mediated proteolysis","Salmonella infection","Alzheimer\u0027s disease","GABAergic synapse","Serotonergic synapse","Cholinergic synapse","Glucagon signaling pathway","Glutamatergic synapse","Dopaminergic synapse","Rap1 signaling pathway","Ras signaling pathway","Tight junction","Metabolic pathways","PPAR signaling pathway","Apoptosis","Non-alcoholic fatty liver disease (NAFLD)","Regulation of actin cytoskeleton","Bacterial invasion of epithelial cells","MAPK signaling pathway","Spliceosome","AGE-RAGE signaling pathway in diabetic complications","RNA transport","Citrate cycle (TCA cycle)","Biosynthesis of amino acids","cAMP signaling pathway","Phagosome","Gap junction","Endocytosis","NOD-like receptor signaling pathway","Cardiac muscle contraction","Chemokine signaling pathway","cGMP-PKG signaling pathway","HIF-1 signaling pathway","Alcoholism","Ribosome","Calcium signaling pathway","Protein processing in endoplasmic reticulum","Adrenergic signaling in cardiomyocytes","Amphetamine addiction","Tuberculosis"],"urls":["http://www.genome.jp/dbget-bin/www_bget?mmu04114","http://www.genome.jp/dbget-bin/www_bget?mmu05203","http://www.genome.jp/dbget-bin/www_bget?mmu04510","http://www.genome.jp/dbget-bin/www_bget?mmu05169","http://www.genome.jp/dbget-bin/www_bget?mmu04310","http://www.genome.jp/dbget-bin/www_bget?mmu05168","http://www.genome.jp/dbget-bin/www_bget?mmu05200","http://www.genome.jp/dbget-bin/www_bget?mmu04910","http://www.genome.jp/dbget-bin/www_bget?mmu01200","http://www.genome.jp/dbget-bin/www_bget?mmu05205","http://www.genome.jp/dbget-bin/www_bget?mmu04150","http://www.genome.jp/dbget-bin/www_bget?mmu05161","http://www.genome.jp/dbget-bin/www_bget?mmu00190","http://www.genome.jp/dbget-bin/www_bget?mmu04390","http://www.genome.jp/dbget-bin/www_bget?mmu04071","http://www.genome.jp/dbget-bin/www_bget?mmu05166","http://www.genome.jp/dbget-bin/www_bget?mmu04152","http://www.genome.jp/dbget-bin/www_bget?mmu05164","http://www.genome.jp/dbget-bin/www_bget?mmu04151","http://www.genome.jp/dbget-bin/www_bget?mmu04919","http://www.genome.jp/dbget-bin/www_bget?mmu04912","http://www.genome.jp/dbget-bin/www_bget?mmu04713","http://www.genome.jp/dbget-bin/www_bget?mmu04915","http://www.genome.jp/dbget-bin/www_bget?mmu05016","http://www.genome.jp/dbget-bin/www_bget?mmu04921","http://www.genome.jp/dbget-bin/www_bget?mmu04722","http://www.genome.jp/dbget-bin/www_bget?mmu05414","http://www.genome.jp/dbget-bin/www_bget?mmu04721","http://www.genome.jp/dbget-bin/www_bget?mmu04720","http://www.genome.jp/dbget-bin/www_bget?mmu05012","http://www.genome.jp/dbget-bin/www_bget?mmu04120","http://www.genome.jp/dbget-bin/www_bget?mmu05132","http://www.genome.jp/dbget-bin/www_bget?mmu05010","http://www.genome.jp/dbget-bin/www_bget?mmu04727","http://www.genome.jp/dbget-bin/www_bget?mmu04726","http://www.genome.jp/dbget-bin/www_bget?mmu04725","http://www.genome.jp/dbget-bin/www_bget?mmu04922","http://www.genome.jp/dbget-bin/www_bget?mmu04724","http://www.genome.jp/dbget-bin/www_bget?mmu04728","http://www.genome.jp/dbget-bin/www_bget?mmu04015","http://www.genome.jp/dbget-bin/www_bget?mmu04014","http://www.genome.jp/dbget-bin/www_bget?mmu04530","http://www.genome.jp/dbget-bin/www_bget?mmu01100","http://www.genome.jp/dbget-bin/www_bget?mmu03320","http://www.genome.jp/dbget-bin/www_bget?mmu04210","http://www.genome.jp/dbget-bin/www_bget?mmu04932","http://www.genome.jp/dbget-bin/www_bget?mmu04810","http://www.genome.jp/dbget-bin/www_bget?mmu05100","http://www.genome.jp/dbget-bin/www_bget?mmu04010","http://www.genome.jp/dbget-bin/www_bget?mmu03040","http://www.genome.jp/dbget-bin/www_bget?mmu04933","http://www.genome.jp/dbget-bin/www_bget?mmu03013","http://www.genome.jp/dbget-bin/www_bget?mmu00020","http://www.genome.jp/dbget-bin/www_bget?mmu01230","http://www.genome.jp/dbget-bin/www_bget?mmu04024","http://www.genome.jp/dbget-bin/www_bget?mmu04145","http://www.genome.jp/dbget-bin/www_bget?mmu04540","http://www.genome.jp/dbget-bin/www_bget?mmu04144","http://www.genome.jp/dbget-bin/www_bget?mmu04621","http://www.genome.jp/dbget-bin/www_bget?mmu04260","http://www.genome.jp/dbget-bin/www_bget?mmu04062","http://www.genome.jp/dbget-bin/www_bget?mmu04022","http://www.genome.jp/dbget-bin/www_bget?mmu04066","http://www.genome.jp/dbget-bin/www_bget?mmu05034","http://www.genome.jp/dbget-bin/www_bget?mmu03010","http://www.genome.jp/dbget-bin/www_bget?mmu04020","http://www.genome.jp/dbget-bin/www_bget?mmu04141","http://www.genome.jp/dbget-bin/www_bget?mmu04261","http://www.genome.jp/dbget-bin/www_bget?mmu05031","http://www.genome.jp/dbget-bin/www_bget?mmu05152"],