{"p_value":[1.0,1.0,0.07124866865426505,1.0,1.0,0.07784133070336291,1.0,0.35084843586916914,0.7168156259743672,9.401588545454587E-7,0.7168156259743672,0.22236899588932457,0.2360776391184014,1.0,1.0,1.139943694994372E-11,0.02855917067230551,0.24465653093278394,0.6476659417651992,0.005016570808648035,0.35161573526501955,0.5693496519842125,1.0,1.0,1.0,1.0,0.6455640852769664,1.0,1.0,0.350352988449037,1.0,1.0,1.0,0.5212268925535222,1.0,0.4262236085984719,1.0,0.4294888824315247,1.0,1.0,0.35161573526501955,0.6739728333729533,1.0,0.11718445960865163,1.0,1.0,1.0,0.26113931549158254,0.7123993985184975,0.07124866865426505,1.0],"adj_p_value":[1.0,1.0,0.5671296951245012,1.0,1.0,0.5671296951245012,1.0,1.0,1.0,2.3974050790909196E-5,1.0,1.0,1.0,1.0,1.0,5.813712844471297E-10,0.36412942607189525,1.0,1.0,0.0852817037470166,1.0,1.0,1.0,1.0,1.0,1.0,1.0,1.0,1.0,1.0,1.0,1.0,1.0,1.0,1.0,1.0,1.0,1.0,1.0,1.0,1.0,1.0,1.0,0.7470509300051542,1.0,1.0,1.0,1.0,1.0,0.5671296951245012,1.0],"OR":[0.0,0.7784090909090909,2.9885057471264367,0.9559322033898305,0.0,0.1875,0.9415730337078652,0.32936507936507936,0.4222222222222222,9.157323688969258,0.4222222222222222,1.7894056847545219,1.723421926910299,0.0,0.0,5.7272727272727275,3.504983388704319,1.915909090909091,1.4606741573033708,2.603896103896104,0.30666666666666664,0.5284109149277688,0.0,0.0,0.0,0.6698412698412698,0.6845466155810983,0.0,0.0,0.31762452107279693,0.0,0.0,0.666131621187801,1.471264367816092,0.0,0.43659711075441415,0.0,1.6864973262032086,0.0,1.010551948051948,0.30666666666666664,1.2629213483146067,0.0,0.20074074074074075,1.048689138576779,0.6698412698412698,0.0,1.4772151898734178,0.46555555555555556,2.9885057471264367,0.0],"pathways":["NK_cells","embryonic_stem_line_Bruce4_p13","bone_marrow","testis","retinal_pigment_epithelium","spinal_cord","kidney","pancreas","min6","mammary_gland_non-lactating","pituitary","liver","macrophage_peri_LPS_thio_1hrs","granulocytes_mac1+gr1+","olfactory_bulb","heart","MEF","Baf3","placenta","skeletal_muscle","mega_erythrocyte_progenitor","macrophage_bone_marrow_6hr_LPS","cerebral_cortex_prefrontal","amygdala","B-cells_GL7negative_Alum","macrophage_bone_marrow_24h_LPS","lens","cerebellum","stem_cells__HSC","retina","dorsal_root_ganglia","cerebral_cortex","eyecup","embryonic_stem_line_V26_2_p16","hippocampus","macrophage_peri_LPS_thio_7hrs","adrenal_gland","follicular_B-cells","nucleus_accumbens","neuro2a","B-cells_marginal_zone","macrophage_bone_marrow_2hr_LPS","mast_cells","dorsal_striatum","thymocyte_DP_CD4+CD8+","salivary_gland","mast_cells_IgE","adipose_brown","lacrimal_gland","osteoblast_day14","hypothalamus"],"descriptions":["null","null","null","null","null","null","null","null","null","null","null","null","null","null","null","null","null","null","null","null","null","null","null","null","null","null","null","null","null","null","null","null","null","null","null","null","null","null","null","null","null","null","null","null","null","null","null","null","null","null","null"],"urls":["null","null","null","null","null","null","null","null","null","null","null","null","null","null","null","null","null","null","null","null","null","null","null","null","null","null","null","null","null","null","null","null","null","null","null","null","null","null","null","null","null","null","null","null","null","null","null","null","null","null","null"],"warning":"After filtering out genes not present in pathway file: 91 genes remain to be enriched."}