{"p_value":[9.401588545454587e-07,1.139943694994372e-11],"adj_p_value":[2.3974050790909196e-05,5.813712844471297e-10],"OR":[9.157323688969258,5.7272727272727275],"pathways":["mammary_gland_non-lactating","heart"],"descriptions":["null","null"],"urls":["null","null"],"error":null,"warning":"After filtering out genes not present in pathway file: 91 genes remain to be enriched."}