{"PC2": [2.2662047620120367, 2.2016155239149358, 2.1198496901602768, 2.403865049690241, 1.9951353415546602, 2.2118671577733537, 2.222616736929127, 2.4668358294486681, 1.9892033611121622, 1.7726864834174858, 2.5216156139280113, 2.3487135217780351, 2.0966303313112009, -1.1725894842452274, -1.1528301362215188, -1.0866459142973219, -1.1280299079276914, -1.1415636391452084, -1.1913544450035882, -1.0705998154816276, -0.98767168093928137, -1.0567502715997259, -1.1359152550570699, -1.1382240962863703, -1.0637177655034398, -1.2111249488954194, -1.174673557281146, -1.1067312017976767, -1.1437941379343362, -1.1582281824272029, -1.1118530321212292, -1.1874350082066463, -0.23615050251885894, -0.050421816927162549, -0.34167010874555204, -0.16035000407784325, -0.35964573027379776, -0.26675079186591771, -0.39098759495981633, -0.19480490611254841, 0.087590670196973891, -0.29346240847777649, -0.096662762345492939, -0.39282270918083723, -0.088947523543989063, -0.18515588837191022, -0.37105279877989039, -0.2938743212512176, 0.15761012183884657, -0.15729775841366356, -0.058095482515652636, -0.040139512903262925, -0.1816803948373179, -0.048059842802239156, -0.10789958246817216, 0.11865332490338615, -0.15987503264023717, -0.0054520758236181865, -0.2297268215424092, -0.20183094985383013, -0.017910946426288692, -0.064100359967542153, 0.07242406621764258, -0.11602872996098243, -0.083880723909429883, -0.061643639657085414, 0.062762683104604949, 0.3367608495055735, 0.24440353007797899, -0.11710596564886386, -0.046839158403756735, 0.092178812277536853, -0.018354110043994731, -0.38130821856579877, -0.30629756547895481, -0.36757088184994197, -0.29494473809670518, -0.29535467816165328, -0.24135902141505727, -0.26049559222537078, -0.15792812938480194, -0.20338385234587225, -0.17734859756398619, -0.26668094762136102, -0.15476512205510945, -0.19448831315262849, -0.23388784439930149, -0.21671253713987623, -0.30412834010421469, -0.3651169693017281, -0.18261305068516454], "PC3": [-0.33560980516235372, -0.37109232046121776, -0.25013616700487074, -0.12293597121091787, -0.27270816196730469, -0.32097437679096952, -0.24537373893515294, 0.060608356244781197, -0.26525281007417056, -0.18212493943802768, 0.095500817415116568, -0.048185292636144142, -0.045874128252936047, -0.012906313385239333, -0.016498467170767802, 0.1199013908362286, 0.010885455488659154, 0.033328738542422853, 0.050629474621265602, -0.074332695717534175, 0.098848271122895306, 0.18335365723771177, 0.0029694736035264964, -0.1052974509163779, 0.24740398220800297, 0.039945969401572745, -0.039380764460182412, 0.021939115699963561, -0.011963948204044041, 0.045281373812621158, 0.11007180137578028, -0.016659819042781378, -0.67266051459814591, -0.83394882809306004, -0.68169375063913962, -0.64935541815026665, -0.62972775192412223, -0.7968216359397513, -0.93902139050306488, -0.87769652096889228, -0.57821244528044968, -0.69501192891146601, -0.7497577550864073, -0.94400722023272299, -0.53809323412082066, -0.60538161400855151, -0.95897814818130001, -0.79655814286520943, -0.49158638809456578, -0.86161936783295401, -0.81863215755062657, 1.8053864542805504, 1.5046483133744364, 1.6887094857298737, 1.7196799719415079, 1.5303217460106573, 1.4969756205048266, 1.4729406002357366, 1.6952931239693414, 1.414192334595767, 2.0080484715937152, 1.8751532674902158, 1.4672448697283935, 1.5248291029538894, 1.7236330185335706, 1.6754179980111985, 1.4853539385341636, 1.4828321904513757, 1.4592967149363079, 1.6334884261172289, 1.5507069043907786, 1.6021366745160726, 1.5672603794741282, -1.295217595418809, -1.2923864353559318, -1.3024640344840432, -0.95511073037164973, -1.0885507086373818, -1.2066115911669617, -1.0837046933644781, -1.1347483851980567, -0.86218329138599936, -1.0334906490267748, -1.0652685805013262, -0.93330381421912956, -1.1606739983309546, -0.90924816432070321, -0.94202928762732419, -0.98505379106653579, -1.0913806397069803, -0.97952410292769954], "PC1": [1.1883393650617162, 1.0487232883959994, 0.95949867824253077, 0.96512132593050526, 1.0527384005186771, 0.89677489639353491, 0.90043696748602742, 0.81656047252167518, 0.94726285641001851, 0.6650694974742668, 0.89809550462285981, 0.7459244414777777, 0.72999505518673102, 1.5815025571374084, 1.5974477503998048, 1.5721857456034196, 1.5287803882208864, 1.6467357592617162, 1.6048884360589355, 1.5869348186801382, 1.4862149059994385, 1.6696886752160445, 1.5760041002824554, 1.6192038434672513, 1.3396860193698741, 1.6594588192032607, 1.6319784026926916, 1.6683348262083795, 1.524574305751119, 1.7111394055812876, 1.531090134393327, 1.6564045964507019, -0.76803691531898688, -0.64701859584743193, -0.78448043600459982, -0.61316062965134921, -0.68424487382262877, -0.69027737036457304, -0.66463291843635841, -0.75067551895416473, -0.49803702346812712, -0.88013984760267894, -0.7837167280698496, -0.6880390988611238, -0.64114059735221984, -0.64165475003477213, -0.75428390863771155, -0.63116420092003112, -0.1786326432015686, -0.6119359240720067, -0.67340013141036725, -0.67943361105191336, -0.96564723150406429, -0.74116725259331839, -0.86270221506022882, -0.57588478678279609, -0.61616396951499053, -0.61219434829158048, -0.66426966363447226, -0.57914124484527463, -0.60814467858463206, -0.71460137282331959, -0.64967593305446436, -0.48529645115201736, -0.72184982071299331, -0.6538974518926477, -0.57750439612375959, -0.44074414798331585, -0.59441572027279876, -0.69266994560907147, -0.46183365355212913, -0.71003010455698345, -0.61957015177833052, -0.81184413114073295, -0.7189206766604892, -0.75771227191185819, -0.81229544666458131, -0.73941074098641635, -0.85735140124082176, -0.70924858489933484, -0.79779661438866389, -0.88859911605685005, -0.87248271112623144, -0.87117992716516734, -0.81784507172764298, -0.90153642230040765, -0.70984408000950805, -0.91809318695422593, -0.69479043875830082, -0.6785660163338888, -0.83655387143206961], "PC4": [0.74356357200808842, 0.3714124840851738, 0.74694652231146863, -0.35133235891566494, 0.2467335131402883, 0.18696603942649723, 0.52161785115862924, -0.76047610600329607, 0.1052891102600105, -0.28082796595834203, -0.45005091735820435, -0.60086766277226689, -0.86782715225960871, -0.50071154611639956, -0.073758437799279944, -0.19572429139817907, -0.0049710419959826009, -0.3283892602282143, 0.027615600591694975, -0.20831326732925298, -0.53481741945696371, -0.38384037983676295, -0.40549862933068559, 0.19565436111852946, 0.14813297934740263, -0.18219097336303958, 0.30145562099124373, -0.13082281633691856, 0.16953652803706881, 0.48471579095464673, -0.061578999882307854, 0.15516130094103486, -0.71774540980385371, 2.51273802935071, 1.2724962813532059, -0.22552028460703405, 0.40300598337530369, 2.3349883550456898, 2.498635817955654, 1.8046465093066852, 1.0438196582950021, 0.61607522311549889, 1.6808030504015972, -0.27803756881234587, 1.9971864073617422, 1.9566394508685141, 0.47012196827535435, 2.0037862848201593, 0.40197644333663757, 2.5103725493485189, 0.36356837133597097, -1.0193677536735466, -0.043269085013814212, -1.0554024967194695, -0.91425418450994478, -2.0280382376175923, 0.61908704749949517, -0.7652409366882148, 0.9149323184753525, 0.67051410765262154, 0.38514844603208209, 0.81876605261794611, 0.62966795548169996, -0.065615419234808986, 0.6463226449391738, 0.684138436140169, 0.035251704242466181, -0.32344486103269443, -0.31125244762231363, 1.2393649704381153, -0.43255852881173129, -0.078201803737006609, -0.67531499920336902, -0.81094423033084717, -1.3705939895859733, -1.0879350482630332, 0.58858666353165656, -1.5053202226861502, -1.3888619915704761, -1.7838965821666617, -2.0730580746712106, -0.73731023596690815, -1.8372211765792357, -0.95169998660357391, -1.4806769345798108, -1.5882350974403372, 0.70016052814564111, -0.7016545923699733, -1.9394708337875035, -0.51947592075321003, -1.2886742065511241],