{"p_value":[2.2823815060135644e-09,2.2823815060135644e-09,5.4978026278185155e-05,0.0005727023290604816,0.001014868043494488,3.788525049230884e-12,1.772226809748645e-11,3.422058192370514e-10,0.0014276825693331219,0.0005911062326346972,0.0006378795714111485,0.0005303718479850565,0.00031291926756167783,0.001431692180773092,3.4325402078483336e-06,0.0024302533916972235,0.0025057050760217605,0.0008560181872621087,0.002220855517916176,3.552704670950312e-08,0.00023300886679233912,8.099236620531841e-07,1.1665224342038982e-11,0.0004245039453292243,0.0021694293643254037,0.0021694293643254037,0.0021694293643254037,0.00019631680144829955,0.0009590764386228079,3.290747581508047e-05,4.0608539260800214e-05,1.502906817885119e-06,4.134960510397872e-07,9.113180765574214e-09,2.5640144341032567e-08,0.00013635598747818722,1.0430715069453811e-08,6.661399217788855e-07,2.2305470692707274e-08,4.823727961511537e-08,0.0002329302826417079,0.0005911062326346972,0.001060218270630277,0.0018618548141024645,3.290747581508047e-05,2.662032276168347e-06,0.0015180162327395053,1.0780672068388952e-06,2.531316387277549e-06,2.2305470692707274e-08,2.112776961160634e-07,0.002269823682062966,7.958328440693663e-10,0.0005958144780342511,0.0017793417759991437,2.755880127314203e-05,0.0008370290416403366,8.099236620531841e-07,2.8266278206956486e-12,2.755880127314203e-05,6.661399217788855e-07,4.0845401028111183e-07,3.552704670950312e-08,0.0018557183670845356,1.1821428631320074e-05,4.134960510397872e-07,2.531316387277549e-06,0.0005894119263719633,4.966868393043901e-13,0.0023049059439183006],"adj_p_value":[2.8808726564793437e-07,2.8808726564793437e-07,0.0016435536276846931,0.013536904940938186,0.020961638134722516,1.4345881519754282e-09,4.026499311748921e-09,6.479096844221507e-08,0.02804141926479711,0.013536904940938186,0.014208454767118914,0.013388942651356091,0.008266890417443397,0.02804141926479711,0.00012578598955211958,0.04001112830388472,0.04066401380515314,0.018347861523202932,0.03822563436898145,2.5224203163747212e-06,0.006302335063716601,3.680293120369668e-05,3.312923713139071e-09,0.010959920043045426,0.037914950121133204,0.037914950121133204,0.037914950121133204,0.005575397161131707,0.02017612656065759,0.0010384136812758725,0.0012467919081153795,6.323341278212945e-05,2.2368167332438013e-05,1.0352573349692307e-06,2.0805145693866426e-06,0.003971805173723608,1.0772083926272298e-06,3.290151961481799e-05,1.949154977455036e-06,3.22338527310418e-06,0.006302335063716601,0.013536904940938186,0.021507284918499903,0.03411398498097419,0.0010384136812758725,0.00010080228885757473,0.029228244752408098,4.710324411419173e-05,9.915777296369984e-05,1.949154977455036e-06,1.3333970154880446e-05,0.038485368698858644,1.2915230155182857e-07,0.013536904940938186,0.03368887095891712,0.0009207881837143926,0.018285865217373506,3.680293120369668e-05,1.4345881519754282e-09,0.0009207881837143926,3.290151961481799e-05,2.2368167332438013e-05,2.5224203163747212e-06,0.03411398498097419,0.00041966071641186264,2.2368167332438013e-05,9.915777296369984e-05,0.013536904940938186,5.642362494497871e-10,0.03850548753369397],"OR":[5.428784648187634,5.428784648187634,8.98876404494382,4.0393848462115525,7.333333333333333,7.903039513677812,8.409516943042538,9.597435897435897,4.688350088704908,5.584269662921348,4.816558441558442,2.127670268911787,2.1804501849645748,1.9902964959568734,8.484496124031008,2.1072603086263597,0.17050734945471788,2.0750993207740613,2.845861655337865,23.103448275862068,3.9586466165413534,12.784163473818646,9.201883701883702,5.962546816479401,5.988011988011988,5.988011988011988,5.988011988011988,2.254014884449667,3.0025231286795626,9.997503121098626,6.713995943204869,11.494252873563218,14.39655172413793,12.0,8.476650563607086,7.47565543071161,7.2117327117327115,5.3849953689410315,9.541078305519898,9.852586817859674,2.717607138368732,5.584269662921348,0.3017176596886742,0.20685579196217493,9.997503121098626,10.438871473354231,2.687837837837838,7.660714285714286,5.776947285601889,9.541078305519898,10.827149321266969,2.6525573192239857,4.853253865979381,3.1762749445676275,3.0352283770651116,7.140804597701149,2.0505704594511256,12.784163473818646,10.153153153153154,7.140804597701149,5.3849953689410315,3.2746579538492955,23.103448275862068,4.449438202247191,8.177339901477833,14.39655172413793,5.776947285601889,2.138956474722898,15.171886936592818,3.2717258261933906],"pathways":["GO:0072359","GO:0072358","GO:0072329","GO:0006631","GO:0002026","GO:0061061","GO:0007507","GO:0007517","GO:0010927","GO:0016054","GO:0016042","GO:0032502","GO:0032501","GO:0044707","GO:0030258","GO:0009653","GO:0016192","GO:0007275","GO:0048646","GO:0048644","GO:0044057","GO:0034440","GO:0060537","GO:0044242","GO:0014897","GO:0014896","GO:0003300","GO:0048856","GO:0044255","GO:0009062","GO:1903522","GO:0003205","GO:0003206","GO:0006941","GO:0006936","GO:0006937","GO:0003012","GO:0003013","GO:0003015","GO:0003007","GO:0003008","GO:0046395","GO:1901564","GO:1901566","GO:0003231","GO:0035051","GO:0040007","GO:0051146","GO:0042692","GO:0060047","GO:0060048","GO:0009628","GO:0009888","GO:0009887","GO:0032787","GO:0055001","GO:0044767","GO:0019395","GO:0014706","GO:0008016","GO:0008015","GO:0048513","GO:0060415","GO:0090257","GO:0055002","GO:0055007","GO:0048729","GO:0048731","GO:0048738","GO:0000122"],"descriptions":["circulatory system development","cardiovascular system development","monocarboxylic acid catabolic process","fatty acid metabolic process","regulation of the force of heart contraction","muscle structure development","heart development","muscle organ development","cellular component assembly involved in morphogenesis","organic acid catabolic process","lipid catabolic process","developmental process","multicellular organismal process","single-multicellular organism process","lipid modification","anatomical structure morphogenesis","vesicle-mediated transport","multicellular organism development","anatomical structure formation involved in morphogenesis","muscle organ morphogenesis","regulation of system process","lipid oxidation","muscle tissue development","cellular lipid catabolic process","striated muscle hypertrophy","muscle hypertrophy","cardiac muscle hypertrophy","anatomical structure development","cellular lipid metabolic process","fatty acid catabolic process","regulation of blood circulation","cardiac chamber development","cardiac chamber morphogenesis","striated muscle contraction","muscle contraction","regulation of muscle contraction","muscle system process","circulatory system process","heart process","heart morphogenesis","system process","carboxylic acid catabolic process","organonitrogen compound metabolic process","organonitrogen compound biosynthetic process","cardiac ventricle development","cardiocyte differentiation","growth","striated muscle cell differentiation","muscle cell differentiation","heart contraction","cardiac muscle contraction","response to abiotic stimulus","tissue development","organ morphogenesis","monocarboxylic acid metabolic process","muscle cell development","single-organism developmental process","fatty acid oxidation","striated muscle tissue development","regulation of heart contraction","blood circulation","animal organ development","muscle tissue morphogenesis","regulation of muscle system process","striated muscle cell development","cardiac muscle cell differentiation","tissue morphogenesis","system development","cardiac muscle tissue development","negative regulation of transcription from RNA polymerase II promoter"],